{
    "std": 0.2155469072352,
    "mean": 0.38984939490739,
    "weights": [
        1,
        1
    ],
    "batchSize": 8,
    "config": {
        "learningRate": 1e-03,
        "beta1": 0.9,
        "beta2": 0.999,
        "epsilon": 1e-08
    },
    "height": 200,
    "width":280
}
